{
    "plddts": {
        "model_1_pred_0": 96.21054412105202,
        "model_2_pred_0": 96.18454768365622,
        "model_3_pred_0": 96.65143661732833,
        "model_4_pred_0": 96.49526815878728,
        "model_5_pred_0": 96.58783418055346
    },
    "order": [
        "model_3_pred_0",
        "model_5_pred_0",
        "model_4_pred_0",
        "model_1_pred_0",
        "model_2_pred_0"
    ]
}