{
    "features": 980.4895627498627,
    "process_features_model_1_pred_0": 2.58073091506958,
    "predict_and_compile_model_1_pred_0": 96.83426213264465,
    "relax_model_1_pred_0": 9.826110363006592,
    "process_features_model_2_pred_0": 1.5849559307098389,
    "predict_and_compile_model_2_pred_0": 100.59444212913513,
    "relax_model_2_pred_0": 4.41812801361084,
    "process_features_model_3_pred_0": 1.3336906433105469,
    "predict_and_compile_model_3_pred_0": 76.02052974700928,
    "relax_model_3_pred_0": 4.605134963989258,
    "process_features_model_4_pred_0": 1.278562068939209,
    "predict_and_compile_model_4_pred_0": 76.05757284164429,
    "relax_model_4_pred_0": 3.779282569885254,
    "process_features_model_5_pred_0": 1.5800538063049316,
    "predict_and_compile_model_5_pred_0": 77.4411346912384,
    "relax_model_5_pred_0": 4.896666526794434
}