{
    "plddts": {
        "model_1_pred_0": 91.27750096298264,
        "model_2_pred_0": 90.94277745203416,
        "model_3_pred_0": 91.24422892580824,
        "model_4_pred_0": 91.89059150805801,
        "model_5_pred_0": 89.69065433528014
    },
    "order": [
        "model_4_pred_0",
        "model_1_pred_0",
        "model_3_pred_0",
        "model_2_pred_0",
        "model_5_pred_0"
    ]
}