{
    "features": 1602.6634426116943,
    "process_features_model_1_pred_0": 4.483522891998291,
    "predict_and_compile_model_1_pred_0": 116.8401551246643,
    "relax_model_1_pred_0": 11.682445764541626,
    "process_features_model_2_pred_0": 1.6176941394805908,
    "predict_and_compile_model_2_pred_0": 115.9396345615387,
    "relax_model_2_pred_0": 5.360422372817993,
    "process_features_model_3_pred_0": 1.4157991409301758,
    "predict_and_compile_model_3_pred_0": 88.66117548942566,
    "relax_model_3_pred_0": 5.03635573387146,
    "process_features_model_4_pred_0": 1.4059128761291504,
    "predict_and_compile_model_4_pred_0": 90.91858553886414,
    "relax_model_4_pred_0": 5.342159748077393,
    "process_features_model_5_pred_0": 1.3175883293151855,
    "predict_and_compile_model_5_pred_0": 88.16424584388733,
    "relax_model_5_pred_0": 4.286330223083496
}