{
    "plddts": {
        "model_1_pred_0": 95.11847384281013,
        "model_2_pred_0": 93.25156680675443,
        "model_3_pred_0": 94.2428911089186,
        "model_4_pred_0": 95.34469007504335,
        "model_5_pred_0": 94.61050063657069
    },
    "order": [
        "model_4_pred_0",
        "model_1_pred_0",
        "model_5_pred_0",
        "model_3_pred_0",
        "model_2_pred_0"
    ]
}