{
    "features": 961.7889156341553,
    "process_features_model_1_pred_0": 2.6868202686309814,
    "predict_and_compile_model_1_pred_0": 96.36457180976868,
    "relax_model_1_pred_0": 6.05358099937439,
    "process_features_model_2_pred_0": 1.5205543041229248,
    "predict_and_compile_model_2_pred_0": 100.1600067615509,
    "relax_model_2_pred_0": 4.56156325340271,
    "process_features_model_3_pred_0": 1.3707895278930664,
    "predict_and_compile_model_3_pred_0": 73.99331951141357,
    "relax_model_3_pred_0": 4.704590559005737,
    "process_features_model_4_pred_0": 1.2624645233154297,
    "predict_and_compile_model_4_pred_0": 75.0155041217804,
    "relax_model_4_pred_0": 3.799278736114502,
    "process_features_model_5_pred_0": 1.2518653869628906,
    "predict_and_compile_model_5_pred_0": 73.59396862983704,
    "relax_model_5_pred_0": 4.807292938232422
}